rubro,linea,nombre_base,nombre_ejemplo
Ceramico,ANGELGRES,Ceramico Revestimiento De Pared Gucci,Ceramico Revestimiento de Pared Gucci (30x59) - -
Ceramico,ANGELGRES,Ceramico Revestimiento De Pared Paris White,Ceramico Revestimiento de Pared Paris White (30x59) - -
Deck WPC,Deck WPC,"Deck Wpc Cream Mixed 2,9M","Deck WPC Cream Mixed - 2,9m"
Deck WPC,Deck WPC,"Deck Wpc Grey Coleccion Long 3,66 Metros","Deck WPC Grey Coleccion Long 3,66 metros"
Deck WPC,Deck WPC,"Deck Wpc Roble Clasico T 4 Colección Noble (Sin Pigmento Negro) 2,20 Metros","Deck WPC Roble Clasico T-4 Colección Noble (Sin Pigmento Negro) 2,20 metros"
Deck WPC,Deck WPC,"Deck Wpc Roble Clasico T 4 Colección Noble (Sin Pigmento Negro) 2,90 Metros","Deck WPC Roble Clasico T-4 Colección Noble (Sin Pigmento Negro) 2,90 metros"
Deck WPC,Deck WPC,"Deck Wpc Teak B Mixed 2,81M","Deck WPC Teak B Mixed - 2,81m"
Deck WPC,Deck WPC,"Deck Wpc Walnut + Light Teak Solido 2,7M","Deck WPC Walnut + Light Teak Solido 2,7m"
Flotante,Castello,Flotante Euro Home Roble Rugged D 8222 Loft Oferta Flotante,Flotante Euro Home Roble Rugged D-8222 Loft Oferta Flotante
Flotante,Classic,Flotante Euro Home Haya Blanco D 9701 Classic,Flotante Euro Home Haya Blanco D-9701 Classic -
Flotante,Dynamic,Flotante Kronotex Roble Hacienda Grey D 2958 Dinamic,Flotante Kronotex Roble Hacienda Grey D-2958 Dinamic -
Flotante,Flotante,Flotante Kronotex 4238 Natural Eiken,Flotante Kronotex 4238 Natural eiken - -
Flotante,Flotante Outlet,Flotante Oferta K.Original 1995 Chene Aurelia,Flotante Oferta K.Original 1995 Chene Aurelia - -
Flotante,Flotante Outlet,Flotante Oferta K.Original 4315460,Flotante Oferta K.Original 4315460 - -
Flotante,Flotante Outlet,Flotante Oferta K.Original Bavaria Sandstone,Flotante Oferta K.Original Bavaria Sandstone - -
Flotante,Glamour High Gloss,Flotante Kronotex Roble Aragon D 4181 Glamour High Gloos,Flotante Kronotex Roble Aragon D-4181 Glamour High Gloos -
Flotante,Glamour High Gloss,Flotante Kronotex Roble Blanco D 4187 Glamour High Gloos,Flotante Kronotex Roble Blanco D-4187 Glamour High Gloos -
Flotante,Kronofix,Flotante Krono Original Tasmanian Blackwood D 5963 Kronofix Oferta Flotante,Flotante Krono Original Tasmanian Blackwood D-5963 Kronofix Oferta Flotante
Flotante,Mammut,Flotante Kronotex Mountain Pine D 3577 Mammut,Flotante Kronotex Mountain Pine D-3577 Mammut -
Flotante,Mammut,Flotante Kronotex Roble Champagne D 2933 Mammut,Flotante Kronotex Roble Champagne D-2933 Mammut -
Flotante,Mammut,Flotante Kronotex Roble Macro Blanco D 4793 Mammut,Flotante Kronotex Roble Macro Blanco D-4793 Mammut ---
Flotante,Mammut,Flotante Kronotex Roble Macro Brown D 4791 Mammut,Flotante Kronotex Roble Macro Brown D-4791 Mammut -
Flotante,My Dream,Flotante Krono Original Roble Wilderness K 223 My Dream,Flotante Krono Original Roble Wilderness K-223 My Dream -
Flotante,ORCA,Flotante Exclusivo Pewen K452 Ashland Oak Orca Con Manta,Flotante Exclusivo Pewen K452 Ashland Oak ORCA con Manta -
Flotante,ORCA,Flotante Krono Original 1531 Baltic Oak Orca,Flotante Krono Original 1531 Baltic Oak ORCA -
Flotante,ORCA,Flotante Krono Original 1536 Stockholm Oak Orca,Flotante Krono Original 1536 Stockholm Oak ORCA -
Flotante,ORCA,Flotante Krono Original Toronto Oak 1538 Orca,Flotante Krono Original Toronto Oak 1538 ORCA -
Flotante,Robusto,Flotante Kronotex D3074 Saverne Eiche Caja Robusto Ac5,Flotante  Kronotex D3074 Saverne Eiche Caja Robusto AC5 (1375x188x12mm)---
Flotante,Robusto,Flotante Kronotex Nuez D 2778 Robusto,Flotante Kronotex Nuez D-2778 Robusto -
Flotante,Smart,Flotante Krono Original D4163 Ast Kiefer Caja Smart Ac4,Flotante  Krono Original D4163 Ast Kiefer Caja Smart AC4 (1380x193x7mm)---
Flotante,Smart,Flotante Superior Winter Eiche Hell Landhausdiele D 5260 Standard (Sin Bisel),Flotante Superior Winter Eiche Hell Landhausdiele D-5260 Standard 7mm (Sin Bisel) -
Flotante,Water Resistant,Flotante Exclusivo Mayorista Pandora Water Resistant,Flotante Exclusivo Mayorista Pandora - Water Resistant
Flotante,Water Resistant,Flotante Krono Original 7001 Summer Oak Hb Water Resistant Herringbone,Flotante Krono Original 7001 Summer Oak HB Water Resistant Herringbone
Flotante,Water Resistant,Flotante Krono Original 7002 Oak Queens Hb Water Resistant Herringbone,Flotante Krono Original 7002 Oak Queens HB Water Resistant Herringbone
Flotante,Water Resistant,Flotante Oferta K.Original K658 Canvas Montreux Oak Water Resistant,Flotante Oferta K.Original K658 Canvas Montreux Oak - Water Resistant
Flotante 44 Krono Original,Flotante Outlet Water Resistant 8mm,Flotante 44 Krono Original 0801 Fb064 Pine Rustic Ac4 Water Resistant,Flotante 44 Krono Original 0801 FB064 Pine Rustic AC4 Water Resistant -
Flotante 44 Krono Original,Flotante Outlet Water Resistant 8mm,Flotante 44 Krono Original 5954 Lynne Coastal Surge (Caja Marron) Ac5 Water Resistant,Flotante 44 Krono Original 5954 Lynne Coastal Surge (Caja Marron) AC5 Water Resistant -
Flotante 44 Krono Original,Outlet 10mm,Flotante 44 Krono Original K627 Caramel Pistacchio Oak Ac4,Flotante 44 Krono Original K627 Caramel Pistacchio Oak AC4 -
Flotante 44 Krono Original,Outlet 7mm,Flotante 44 Krono Original 8373 (Caja Naranja Family Eiche Levegno Weib) Ac5,Flotante 44 Krono Original 8373 (Caja Naranja Family Eiche Levegno Weib) AC5 -
Flotante 44 Krono Original,Outlet 8mm,Flotante 44 Krono Original K337 Hayloft Oak Ac4,Flotante 44 Krono Original K337 Hayloft Oak AC4 -
Flotante 44 Krono Original,Outlet 8mm,Flotante 44 Krono Original K466 Cloud Yosemite Oak Ac4,Flotante 44 Krono Original K466 Cloud Yosemite Oak AC4 -
Flotante 44 Kronotex,Flotante Outlet Water Resistant 12mm,Flotante 44 Kronotex P1201 Camelot Oak Caja Aqua Robusto Ac5 Water Resistant,Flotante 44 Kronotex P1201 Camelot Oak Caja Aqua Robusto AC5 Water Resistant (1380x191x12mm)---
Flotante 44 Kronotex,Flotante Outlet Water Resistant 12mm,Flotante 44 Kronotex P1203 Smart Chestnut Caja Aqua Robusto Ac5 Water Resistant,Flotante 44 Kronotex P1203 Smart Chestnut Caja Aqua Robusto AC5 Water Resistant (1380x191x12mm)---
Flotante 44 Kronotex,Outlet 10mm,Flotante 44 Kronotex Orion Caja Autentic Ocean Ac5,Flotante 44 Kronotex Orion Caja Autentic Ocean (Pallet D3773) AC5 (1380x191x8mm+2)---
Flotante 44 Kronotex,Outlet 12mm,Flotante 44 Kronotex M1229 Virgin Chestnut Caja My Villa Ac5,Flotante 44 Kronotex M1229 Virgin Chestnut Caja My Villa AC5 (1375x188x12mm)---
Flotante 44 Kronotex,Outlet 8mm,Flotante 44 Kronotex Bracken Oak Caja Dynamic Plus Ac4,Flotante 44 Kronotex Bracken Oak Caja Dynamic Plus (Pallet D3221) AC4 (1380x193x8mm)---
Flotante 44 Kronotex,Outlet 8mm,Flotante 44 Kronotex D2940 Veranda Caja Profitan Surprise Ac4,Flotante 44 Kronotex D2940 Veranda Caja Profitan Surprise AC4 (1380x193x8mm)---
Flotante 44 Kronotex,Outlet 8mm,Flotante 44 Kronotex D3773 Er Silver Oak Caja Herringbon Punta Verde Ac4 Espina De Pescado,Flotante 44 Kronotex D3773 ER Silver Oak Caja Herringbon Punta Verde AC4 (665x133x8mm) Espina de Pescado---
Flotante 44 Kronotex,Outlet 8mm,Flotante 44 Kronotex Hb Oak Silver Caja Hoztek Ac4,Flotante 44 Kronotex HB Oak Silver Caja Hoztek (Pallet D3773) AC4 (665x133x8mm)---
Flotante 44 Kronotex,Outlet 8mm,Flotante 44 Kronotex Mv868 Eiche Rustikal Caja My Cottage Ac4,Flotante 44 Kronotex MV868 Eiche Rustikal Caja My Cottage AC4 (1380x193x8mm)---
Flotante 44 Kronotex,Outlet 8mm,Flotante 44 Kronotex Sp882 Oak Turin Caja Surprise Plus Ac4,Flotante 44 Kronotex SP882 Oak Turin Caja Surprise Plus AC4 (1380x193x8mm)---
Flotante Blend,Blend 7mm,Flotante Blend 14 Tablas,"Flotante Blend 7mm (19,5x1,38) 14 tablas - -"
Flotante Blend,Blend 7mm,Flotante Blend 16 Tablas,"Flotante Blend 7mm (19,5x1,28) 16 tablas - -"
Flotante Blend,Blend 8mm,Flotante Blend 12 Tablas,"Flotante Blend 8mm (19,5x1,38) 12 tablas - -"
Flotante Blend,Blend 8mm,Flotante Blend 15 Tablas,"Flotante Blend 8mm (19,5x1,28) 15 tablas - -"
Flotante Blend,Blend 9mm,Flotante Blend Con Manta 11 Tablas,"Flotante Blend 9mm con manta (19,5x1,28) 11 tablas - -"
Flotante Kronotex,Dynamic,Flotante Exclusivo Pisos Alemanes 1407 Beach Dinamic,Flotante Exclusivo Pisos Alemanes 1407 Beach Dinamic -
Flotante Kronotex,Water Resistant,Flotante Exclusivo Pewen 4152 Everest Oak Natur Mammut Water Resistant,Flotante Exclusivo Pewen 4152 Everest Oak Natur Mammut Water Resistant
Flotante One,Flotante One,Flotante One Cerezo 2 Lamas Cod. Spy 69 Silver,Flotante One Cerezo 2 Lamas Cod. spy-69 Silver 8.2 mm -
Flotante One,Flotante One,Flotante One Cerezo Brasil Cod. Yt 6199 Silver,Flotante One Cerezo Brasil Cod. yt-6199 Silver 8.2 mm -
Flotante One,Flotante One,Flotante One Cerezo Fireland Cod. Yt 28 Silver,Flotante One Cerezo Fireland Cod. yt-28 Silver 8.2 mm -
Flotante One,Flotante One,Flotante One Nogal Rojo Cod.6353A Silver,Flotante One Nogal Rojo Cod.6353A Silver 8.2 mm -
Flotante One,Flotante One,Flotante One Roble Atlanta Cod. Cxm 155 Gold,Flotante One Roble Atlanta Cod. cxm-155 Gold 8.2 mm -
Flotante One,Flotante One,Flotante One Roble Ohio Cod. Xm 759 Silver,Flotante One Roble Ohio Cod. xm-759 Silver 8.2 mm -
Flotante Outlet,Flotante Outlet,Flotante Krono Original []330 Light Beige,Flotante Krono Original []330 Light Beige - -
Flotante Outlet,Flotante Outlet,Flotante Krono Original []5552 Eiche Weib Geolt Ac4,Flotante Krono Original []5552 Eiche Weib Geolt AC4 -
Flotante Outlet,Flotante Outlet,Flotante Krono Original []6096 Oak Natural Plank Ac4,Flotante Krono Original []6096 Oak Natural Plank - AC4
Flotante Outlet,Flotante Outlet,Flotante Krono Original []88461 St. Moritz Oak Ac4,Flotante Krono Original []88461 St. Moritz Oak AC4 -
Flotante Outlet,Flotante Outlet,Flotante Krono Original []K269 Eggshell Oak Ac4,Flotante Krono Original []K269 Eggshell Oak - AC4
Flotante Outlet,Outlet 10mm,Flotante Oferta Kronotex Roble Patagonico,Flotante Oferta Kronotex Roble Patagonico -
Flotante Outlet,Outlet 12mm,Flotante Kronotex Premium Oak Nature 4955 Robusto,Flotante Kronotex Premium Oak Nature 4955 Robusto -
Flotante Outlet,Outlet 8mm,Flotante Oferta K.Original Australia Oak 3970,Flotante Oferta K.Original Australia Oak 3970 8 mm -
Flotante Outlet,Outlet 8mm,Flotante Oferta K.Original Eiche Antik 2St 4078,Flotante Oferta K.Original Eiche Antik 2st 4078 8 mm -
Flotante Outlet,Outlet 8mm,Flotante Oferta K.Original Eiche Trend 2St 4074,Flotante Oferta K.Original Eiche Trend 2st 4074 8 mm -
Flotante Outlet,Outlet 8mm,Flotante Oferta K.Original Nuss Elegance 2St 4092,Flotante Oferta K.Original Nuss Elegance 2st 4092 8 mm -
Flotante Outlet,Outlet 8mm,Flotante Oferta K.Original Ontario Driftwood K040,Flotante Oferta K.Original Ontario Driftwood K040 8 mm -
Flotante Outlet,Outlet 8mm,Flotante Oferta K.Original Oxford Oak 8843,Flotante Oferta K.Original Oxford Oak 8843 8 mm -
Flotante Outlet,Outlet 8mm,Flotante Oferta K.Original Risseiche Choco 2St 4082,Flotante Oferta K.Original Risseiche Choco 2st 4082 8 mm -
Flotante Outlet,Water Resistant,"Flotante Exclusivo Pewen []5948 Renaissance Oak Ac5 Water Resistant Base:1,48","Flotante Exclusivo Pewen []5948 Renaissance Oak AC5 Water Resistant 12mm base:1,48"
Flotante Outlet,Water Resistant,"Flotante Krono Original []5948 Renaissance Oak Ac5 Water Resistant Base:1,76","Flotante Krono Original []5948 Renaissance Oak AC5 Water Resistant 10mm base:1,76"
Flotante Outlet,Water Resistant,Flotante Krono Original []7005 Oak Tradition Hudson Bay Water Resistant Herringbone,Flotante Krono Original []7005 Oak Tradition Hudson Bay Water Resistant Herringbone
Flotante Outlet,Water Resistant,Flotante Krono Original []K452 Ashland Oak Ac4 Water Resistant,Flotante Krono Original []K452 Ashland Oak AC4 Water Resistant -
Flotante Water Resistan,Flotante Water Resistan,Flotante Krono Original 245 Blonde Forest Caja Fuzion Ac5 Water Resistant,Flotante Krono Original 245 Blonde Forest - Caja Fuzion AC5 - Water Resistant
Flotante Water Resistan,Water Resistant,Flotante Kronotex 4617 Laminaat Maris Natuur Eiken Water Resistant,Flotante Kronotex 4617 Laminaat Maris natuur eiken Water Resistant -
LVT,Challet Click,Lvt Roble Antiguo Gris Clt 980 Chalet Clic,LVT Roble Antiguo Gris CLT-980 Chalet Clic -
LVT,Challet Click,Lvt Roble Escandinavo Clt 977 Chalet Clic,LVT Roble Escandinavo CLT-977 Chalet Clic -
LVT,Click Collection,Lvt Roble Clasico Alpina D 794 Click Collection,LVT Roble Clasico Alpina D-794 Click Collection -
LVT,Click Collection,Lvt Roble Clasico Claro D 793 Click Collection,LVT Roble Clasico Claro D-793 Click Collection -
LVT,Click Collection,Lvt Roble Classic Gris D 792 Click Collection,LVT Roble Classic Gris D-792 Click Collection -
LVT,Concreto,Lvt Blanco 5002 Concreto,LVT Blanco 5002 Concreto -
LVT,Oasis,Lvt Roble Gris D 1002 Oasis,LVT Roble Gris D-1002 Oasis -
LVT,Sierra,Lvt Arce Oscuro D 16011 Sierra,LVT Arce Oscuro D-16011 Sierra -
LVT,Sierra,Lvt Fresno Gris D 15008 Sierra 2,LVT Fresno Gris D-15008 Sierra 2 -
LVT,Sierra,Lvt Roble Claro D 1004 Sierra 2,LVT Roble Claro D-1004 Sierra 2 -
LVT BERRY ALLOC,Berry Alloc,Vinilico Berry Aloc Columbian 226 M Click 40,Vinilico Berry Aloc Columbian 226 M Click 40 -
LVT BERRY ALLOC,Berry Alloc,Vinilico Berry Aloc Columbian 296 L Click 40 (Nuevo),Vinilico Berry Aloc Columbian 296 L Click 40 (NUEVO) -
LVT BERRY ALLOC,Berry Alloc,Vinilico Berry Aloc Columbian Oak 261 L Click 40,Vinilico Berry Aloc Columbian Oak 261 l Click 40 -
LVT BERRY ALLOC,Berry Alloc,Vinilico Berry Aloc Disa 101 S Click 55,Vinilico Berry Aloc Disa 101 S Click 55 -
LVT BERRY ALLOC,Berry Alloc,Vinilico Berry Aloc Lime 623 M Click 40,Vinilico Berry Aloc Lime 623 M Click 40 -
LVT BERRY ALLOC,Berry Alloc,Vinilico Berry Aloc Lime 954 D Click 40,Vinilico Berry Aloc Lime 954 D Click 40 -
LVT BERRY ALLOC,Berry Alloc,Vinilico Berry Aloc Lime 966 S Click 40 (Nuevo),Vinilico Berry Aloc Lime 966 S Click 40 (NUEVO) -
LVT BERRY ALLOC,Berry Alloc,Vinilico Berry Aloc Toulon 109 S Click 40,Vinilico Berry Aloc Toulon 109 S Click 40 -
LVT BERRY ALLOC,Berry Alloc,Vinilico Berry Aloc Zinc 616 M Click 55,Vinilico Berry Aloc Zinc 616 M Click 55 -
ORCA,ORCA,Flotante Krono Original 1523 Montreal Oak Ac5 Orca Con Manta,Flotante Krono Original 1523 Montreal Oak AC5 ORCA con Manta
ORCA,ORCA,Flotante Krono Original K664 Hare Tagernsee Oak Ac5 Orca Con Manta,Flotante Krono Original K664 Hare Tagernsee Oak AC5 ORCA con Manta
ORCA,ORCA,Flotante Krono Original []1530 Bristol Oak Orca Ac5,Flotante Krono Original []1530 Bristol Oak ORCA AC5
ORCA,ORCA,Flotante Krono Original []Eiche Rana 30115938 Orca Ac5,Flotante Krono Original []EICHE RANA 30115938 ORCA AC5
ORCA,ORCA,Flotante Krono Original []R71012 Savana Orca Con Manta Ac5,Flotante Krono Original []R71012 Savana ORCA con Manta AC5
Outlet ABA,Outlet ABA,Aba Jmw1626,"ABA JMW1626 7,5mm (1,5 LVT + 5,0 WPC + 1,0 Corcho+EIR+0,55 wl) -"
Outlet ABA,Outlet ABA,Aba Jmw25101,"ABA JMW25101 8,0mm (1,5 LVT + 5,0 WPC + 1,5 Corcho + 0,5 wl) -"
Outlet ABA,Outlet ABA,Aba Jmw26810,"ABA JMW26810 5.5 mm (1,5 LVT + 4,0 WPC + 0,30 wl) -"
Outlet ABA,Outlet ABA,Aba Jmw2823,"ABA JMW2823 7,5mm (1,5 LVT + 5,0 WPC + 1,0 Corcho+EIR+0,55 wl) -"
Outlet ABA,Outlet ABA,Aba Jmw50801,"ABA JMW50801 8,5mm (2,0 LVT + 5,0 WPC + 1,5 Corcho + 0,55 wl) -"
Outlet ABA,Outlet ABA,Aba Jmw50809,"ABA JMW50809 7,8mm (1,8 LVT + 4,5 WPC + 1,5 Corcho + 0,55 wl) -"
Outlet ABA,Outlet ABA,"Aba Jmw6844 Base:1,71","ABA JMW6844 (1522*225*6.5*0.5) Base:1,71 - -"
Outlet ABA,Outlet ABA,"Aba Jmw70604 Base:1,65","ABA JMW70604 (1220*225*6.5*0.5) Base:1,65 - -"
Outlet ABA,Outlet ABA,Aba Oak Cantine R 010 02 Wpc + Lvt,ABA Oak Cantine R-010-02 4mm WPC + 1.5mm LVT (0.3wl) -
Outlet ABA,Outlet ABA,Aba Sanded Oak Sahara,ABA Sanded Oak Sahara 9mm (6.5mm WPC + 1.5mm LVT+1 ixpe) -
Outlet LVT,Outlet LVT,Lvt Oferta 63535,LVT Oferta 63535 5 mm (0.5 wl) -
Outlet LVT,Outlet LVT,Lvt Oferta 9671 5,LVT Oferta 9671-5 4.2 mm (0.3 wl) -
Outlet LVT,Outlet LVT,Lvt Oferta Gunstock Oak Hlvp2000,LVT Oferta Gunstock Oak - HLVP2000 - -
Outlet LVT,Outlet LVT,Lvt Oferta Jmw025,LVT Oferta JMW025 4 mm (0.3 wl) -
Outlet LVT,Outlet LVT,Lvt Oferta Jmw073 + Eir,LVT Oferta JMW073 5 mm (0.55 wl) + EIR -
Outlet LVT,Outlet LVT,Lvt Oferta Jmw077,LVT Oferta JMW077 5 mm (0.35 wl) -
Outlet LVT,Outlet LVT,Lvt Oferta Jmw081,LVT Oferta JMW081 5mm (0.35mm wl) -
Outlet LVT,Outlet LVT,Lvt Oferta Jmw51089,"LVT Oferta JMW51089 (1210*180*4.5/0.25*1,74m2) - -"
Outlet LVT,Outlet LVT,Lvt Oferta Jmw53409,LVT Oferta JMW53409 4.5 mm (0.25 wl) -
Outlet LVT,Outlet LVT,"Lvt Oferta Jmw6315 Base:1,71","LVT Oferta JMW6315 (1522*225*6.5*0.55) Base:1,71 - -"
Outlet LVT,Outlet LVT,Lvt Oferta Jmw6612,LVT Oferta JMW6612 5 mm (0.55 wl) -
Outlet LVT,Outlet LVT,Lvt Oferta Roble Davie + Eir,LVT Oferta Roble Davie 4.5 mm (0.35 wl) + EIR -
Outlet LVT,Outlet LVT,Lvt Oferta Roble Wcv2012,LVT Oferta Roble WCV2012 5 mm (0.3 wl) -
Outlet LVT,Outlet LVT,Lvt Oferta Walnut 638 1,LVT Oferta Walnut 638-1 4.2 mm (0.3 wl) -
Outlet LVT Pegable,Outlet LVT Pegable,Lvt Oferta 1101 Chakra Para Pegar,LVT Oferta 1101 Chakra 2mm (0.15 wl) Para Pegar -
Outlet LVT Pegable,Outlet LVT Pegable,Lvt Oferta 1122 Downward Dog Para Pegar,LVT Oferta 1122 Downward Dog 2mm (0.15 wl) Para Pegar -
Outlet LVT Pegable,Outlet LVT Pegable,Lvt Oferta 1571 Cool Para Pegar,LVT Oferta 1571 Cool 2mm (0.15 wl) Para Pegar -
Outlet LVT Pegable,Outlet LVT Pegable,Lvt Oferta 2103 Wild Thing Para Pegar,LVT Oferta 2103 Wild Thing 2mm (0.15 wl) Para Pegar -
Outlet LVT Pegable,Outlet LVT Pegable,Lvt Oferta 44 Ch9322 (Dryback),"LVT Oferta 44 CH9322 (2mm/0,3wl) (Dryback)"
Outlet LVT Pegable,Outlet LVT Pegable,Lvt Oferta 44 Ch9407 (Dryback),"LVT Oferta 44 CH9407 (2mm/0,3wl) (Dryback)"
Outlet LVT Pegable,Outlet LVT Pegable,Lvt Oferta 44 Db 3004 (Dryback),"LVT Oferta 44 DB-3004 (2mm/0,3wl) (Dryback)"
Outlet LVT Pegable,Outlet LVT Pegable,Lvt Oferta 44 Db 5506 (Dryback),"LVT Oferta 44 DB-5506 (2,5mm/0,55wl) (Dryback)"
Outlet LVT Pegable,Outlet LVT Pegable,Lvt Oferta Jmw035 / 0.3Wl,LVT Oferta JMW035 2mm / 0.3wl -
Outlet LVT Pegable,Outlet LVT Pegable,Lvt Oferta Jmw077 / 0.3Wl,LVT Oferta JMW077 2mm / 0.3wl -
Outlet LVT Pegable,Outlet LVT Pegable,Lvt Oferta Jmw23318 / 0.3Wl,LVT Oferta JMW23318 2mm / 0.3wl -
Outlet SPC,4mm + 0.5wl,"Spc Oferta Brown Oak Base: 2,86","SPC Oferta Brown Oak (1220*180*4/0.5wl) Base: 2,86 - -"
Outlet SPC,4mm + 1 EVA + 0.5,"Spc 44136 Base: 2,48","SPC 44136 (1220*127*4*0,5+1EVA) Base: 2,48 - -"
Outlet SPC,Outlet SPC,Aba Jmw073S,"ABA JMW073S 7,5mm (2 lvt + 4,5 WPC +1,5 EVA) - -"
Outlet SPC,Outlet SPC,"Spc Exclusivo Pewen 80107 Manto 1,5 Eva /Base 1,76","SPC Exclusivo Pewen 80107 (6,5*180*1220/0,3) Manto 1,5 EVA /Base 1,76 - -"
Outlet SPC,Outlet SPC,Spc L5001,SPC L5001 (1540*228*4+1/0.3) - -
Outlet SPC,Outlet SPC,Spc L5004,SPC L5004 (1540*228*4+1/0.3) - -
Outlet SPC,Outlet SPC,Spc L5005,SPC L5005 (1540*228*4+1/0.3) - -
Outlet SPC,Outlet SPC,Spc L5006,SPC L5006 (1540*228*4+1/0.3) - -
Outlet SPC,Outlet SPC,Spc L5008,SPC L5008 (1540*228*4+1/0.3) - -
Outlet SPC,Outlet SPC,Spc Oferta 1063 1,SPC Oferta 1063-1 4 mm (0.3 wl) -
Outlet SPC,Outlet SPC,Spc Oferta 1123 57 Base: 2.24,SPC Oferta 1123-57 (150*935*4*0.3) Base: 2.24 - -
Outlet SPC,Outlet SPC,Spc Oferta 189 1,"SPC Oferta 189-1 (Caja Marron 2,43) 4 mm (0.3 wl) -"
Outlet SPC,Outlet SPC,Spc Oferta 189 3,"SPC Oferta 189-3 (Caja Marron 2,87) 4 mm (0.3 wl) -"
Outlet SPC,Outlet SPC,"Spc Oferta 239 8 Base 2,36","SPC Oferta 239-8 (1218*176*5,5/0,5 EIR) Base 2,36 5.5 mm (0.5 wl) -"
Outlet SPC,Outlet SPC,Spc Oferta 2639 5,"SPC Oferta 2639-5 (Caja Marron 2,43) 4 mm (0.3 wl) -"
Outlet SPC,Outlet SPC,"Spc Oferta 318 22 Base: 2,36","SPC Oferta 318-22 (1218*176*5.5*0.55) Base: 2,36 - -"
Outlet SPC,Outlet SPC,Spc Oferta 3301,SPC Oferta 3301 4 mm (0.3 wl) -
Outlet SPC,Outlet SPC,Spc Oferta 402 42,"SPC Oferta 402-42 (1545*182*4+1manto/0.3mm*2,81*10 Piezas) - -"
Outlet SPC,Outlet SPC,"Spc Oferta 402 Base: 3,11","SPC Oferta 402 (1220*182*4*0.2) Base: 3,11 - -"
Outlet SPC,Outlet SPC,Spc Oferta 42101 Base 2.81,SPC Oferta 42101 Base 2.81 (935*150*4MM/0.3) 4 mm (0.3 wl) -
Outlet SPC,Outlet SPC,Spc Oferta 42102,SPC Oferta 42102 4 mm (0.3 wl) -
Outlet SPC,Outlet SPC,Spc Oferta 42104,SPC Oferta 42104 4 mm (0.3 wl) -
Outlet SPC,Outlet SPC,Spc Oferta 43102,"SPC Oferta 43102 (935*150*4/0.3 x 2,81) 4 mm (0.3 wl) -"
Outlet SPC,Outlet SPC,Spc Oferta 43104,"SPC Oferta 43104 (935*150*4/0.3 x 2,81) 4 mm (0.3 wl) -"
Outlet SPC,Outlet SPC,Spc Oferta 43109,"SPC Oferta 43109 (935*150*4/0.3 x 2,81) 4 mm (0.3 wl) -"
Outlet SPC,Outlet SPC,Spc Oferta 43110,"SPC Oferta 43110 (935*150*4/0.3 x 2,81) 4 mm (0.3 wl) -"
Outlet SPC,Outlet SPC,Spc Oferta 43110 + 1.5 Eva,"SPC Oferta 43110 (Base 2,41) 4 mm (0.3 wl) + 1.5 EVA -"
Outlet SPC,Outlet SPC,Spc Oferta 43115,SPC Oferta 43115 (935*150*4/0.3) 4 mm (0.3 wl) -
Outlet SPC,Outlet SPC,Spc Oferta 43117,SPC Oferta 43117 (935*150*4/0.3) 4 mm (0.3 wl) -
Outlet SPC,Outlet SPC,Spc Oferta 43120,SPC Oferta 43120 (935*150*4/0.3) 4 mm (0.3 wl) -
Outlet SPC,Outlet SPC,Spc Oferta 43130,"SPC Oferta 43130 (935*150*4/0.3 x 2,81) 4 mm (0.3 wl) -"
Outlet SPC,Outlet SPC,Spc Oferta 44 2008,SPC Oferta 44 2008 (1220*182*4+1 EVA*0.3wl) - -
Outlet SPC,Outlet SPC,Spc Oferta 44 9018,SPC Oferta 44 9018 (1220*182*4+1 EVA*0.3wl) - -
Outlet SPC,Outlet SPC,Spc Oferta 44 S B 209,SPC Oferta 44 S-B-4mm-209 4 mm (0.3 wl) -
Outlet SPC,Outlet SPC,Spc Oferta 44 S W 001,SPC Oferta 44 S-W-4mm-001 4 mm (0.3 wl) -
Outlet SPC,Outlet SPC,Spc Oferta 44 S W 002,SPC Oferta 44 S-W-4mm-002 4 mm (0.3 wl) -
Outlet SPC,Outlet SPC,Spc Oferta 44 S W 007,SPC Oferta 44 S-W-6mm-007 6 mm -
Outlet SPC,Outlet SPC,Spc Oferta 44 S W 023,SPC Oferta 44 S-W-4mm-023 4 mm (0.3 wl) -
Outlet SPC,Outlet SPC,Spc Oferta 44 S W E 028 + 1.5 Eva,SPC Oferta 44 S-W-E-4mm-028 4 mm (0.3 wl) + 1.5 EVA -
Outlet SPC,Outlet SPC,Spc Oferta 44 S W E 068 + 1.5 Eva,SPC Oferta 44 S-W-E-4mm-068 4 mm (0.3 wl) + 1.5 EVA -
Outlet SPC,Outlet SPC,Spc Oferta 44 S W E 068 + Eva + 0.3 Wl,SPC Oferta 44 S-W-E-5mm-068 5mm + 1.5mm EVA + 0.3 wl -
Outlet SPC,Outlet SPC,Spc Oferta 44 S W E 122 + 1.5 Eva,SPC Oferta 44 S-W-E-4mm-122 4 mm (0.3 wl) + 1.5 EVA -
Outlet SPC,Outlet SPC,Spc Oferta 44 S W E 140 + 1 Ixpe,SPC Oferta 44 S-W-E-4mm-140 4 mm (0.3 wl) + 1 IXPE -
Outlet SPC,Outlet SPC,Spc Oferta 44 [] Natural Oak,"SPC Oferta 44 [] Natural Oak (5mm+1,5/0,5wl) -"
Outlet SPC,Outlet SPC,Spc Oferta 44 [] Pacific Oak,"SPC Oferta 44 [] Pacific Oak (5mm+1,5/0,5wl) -"
Outlet SPC,Outlet SPC,Spc Oferta 44104,"SPC Oferta 44104 (935*150*4/0.3 x 2,81) 4 mm (0.3 wl) -"
Outlet SPC,Outlet SPC,Spc Oferta 44110,"SPC Oferta 44110 (935*150*4/0.3 x 2,81) 4 mm (0.3 wl) -"
Outlet SPC,Outlet SPC,Spc Oferta 44121,"SPC Oferta 44121 (935*150*4/0.3 x 2,81) 4 mm (0.3 wl) -"
Outlet SPC,Outlet SPC,Spc Oferta 45121,"SPC Oferta 45121 (935*150*4/0.3 x 2,81) 4 mm (0.3 wl) -"
Outlet SPC,Outlet SPC,"Spc Oferta 46111 Base: 2,81","SPC Oferta 46111 (935*150*4*0,3) Base: 2,81 - -"
Outlet SPC,Outlet SPC,Spc Oferta 482 04,"SPC Oferta 482-04 (4mm+1 EVA / 0,3 wl) - -"
Outlet SPC,Outlet SPC,Spc Oferta 482 7,"SPC Oferta 482-7 (4mm+1 EVA / 0,3 wl) - -"
Outlet SPC,Outlet SPC,Spc Oferta 603,SPC Oferta 603 4 mm (0.3 wl) -
Outlet SPC,Outlet SPC,Spc Oferta 6067 3,"SPC Oferta 6067-3 (4mm+1 EVA / 0,3 wl) - -"
Outlet SPC,Outlet SPC,Spc Oferta 6191 2,"SPC Oferta 6191-2 (4mm+1 EVA / 0,3 wl) - -"
Outlet SPC,Outlet SPC,Spc Oferta 66035 9,"SPC Oferta 66035-9 (Caja Marron 2,87) 4 mm (0.3 wl) -"
Outlet SPC,Outlet SPC,Spc Oferta 7166 1,SPC Oferta 7166-1 (1220*182*5/0.3) - -
Outlet SPC,Outlet SPC,Spc Oferta 73058 003,SPC Oferta 73058-003 4 mm (0.3 wl) -
Outlet SPC,Outlet SPC,Spc Oferta 8032,SPC Oferta 8032 (1220*180*4+1/0.3) - -
Outlet SPC,Outlet SPC,"Spc Oferta 875L N Base: 2,81","SPC Oferta 875L-N (1525x230x4+1,5manto/0.5wl) Base: 2,81 - -"
Outlet SPC,Outlet SPC,Spc Oferta 88024 007,"SPC Oferta 88024-007 (Caja Marron 2,43) 4 mm (0.3 wl) -"
Outlet SPC,Outlet SPC,Spc Oferta 88024 3,"SPC Oferta 88024-3 (4mm+1 EVA / 0,3 wl) - -"
Outlet SPC,Outlet SPC,Spc Oferta 88056 7,"SPC Oferta 88056-7 (4mm+1 EVA / 0,3 wl) - -"
Outlet SPC,Outlet SPC,Spc Oferta 887 07,"SPC Oferta 887-07 (4mm+1 EVA / 0,3 wl) - -"
Outlet SPC,Outlet SPC,Spc Oferta Ac6 Dw Delaware,SPC Oferta AC6-DW-DELAWARE (1524*228*5+1manto/0.5wl) - -
Outlet SPC,Outlet SPC,Spc Oferta Ac6 Nj New Jersey,SPC Oferta AC6-NJ-NEW JERSEY (1524*228*5+1manto/0.5wl) - -
Outlet SPC,Outlet SPC,Spc Oferta B5003,SPC Oferta B5003 5 mm (0.3 wl) -
Outlet SPC,Outlet SPC,Spc Oferta Barrique Oak,SPC Oferta Barrique Oak 4 mm (0.3 wl) -
Outlet SPC,Outlet SPC,Spc Oferta Cappuccino Con Manta / 0.5 Wl,SPC Oferta Cappuccino Con Manta 6 mm (5mm + 1.0mm IXPE) / 0.5 wl -
Outlet SPC,Outlet SPC,Spc Oferta Cappuccino Sin Manta,SPC Oferta Cappuccino Sin Manta 5 mm (0.5 wl) -
Outlet SPC,Outlet SPC,Spc Oferta Cd145 14 0.3Wl,SPC Oferta CD145-14 0.3wl -
Outlet SPC,Outlet SPC,Spc Oferta Cd179 01,"SPC Oferta CD179-01 (1220*181*6.9/0.5wl*3,31m2) (0.5mm wl) -"
Outlet SPC,Outlet SPC,Spc Oferta Cd190L 22 0.3Wl,SPC Oferta CD190L-22 0.3wl -
Outlet SPC,Outlet SPC,"Spc Oferta Cdw 739Xl 5 Base: 2,65","SPC Oferta CDW 739XL-5 (1220*181*4.8*0.3) Base: 2,65 - -"
Outlet SPC,Outlet SPC,"Spc Oferta Cdw 743 14#2 Base: 2,65","SPC Oferta CDW 743-14#2 (1220*181*4*0.3) Base: 2,65 - -"
Outlet SPC,Outlet SPC,Spc Oferta Cdw653Xl 15,SPC Oferta CDW653XL-15 (1540*228*4+1/0.3) - -
Outlet SPC,Outlet SPC,Spc Oferta D2411,"SPC Oferta D2411 (1219,2*183*4/O.3mm*2,68*12 Piezas) (0.3mm wl) -"
Outlet SPC,Outlet SPC,Spc Oferta D2417 1,"SPC Oferta D2417-1 (1219,2*183*4+1manto/0.3mm*2,23*10 Piezas) - -"
Outlet SPC,Outlet SPC,"Spc Oferta Db131 ( * / Base:3,23","SPC Oferta DB131 (3,6*935*150*23*0,3/ Base:3,23 - -"
Outlet SPC,Outlet SPC,Spc Oferta Dune Oak,SPC Oferta Dune Oak 4 mm (0.3 wl) -
Outlet SPC,Outlet SPC,Spc Oferta Fh785707 + Bisel Rectificado,SPC Oferta FH785707 4mm + Bisel Rectificado -
Outlet SPC,Outlet SPC,Spc Oferta Fh785711 + Bisel Rectificado,SPC Oferta FH785711 4mm + Bisel Rectificado -
Outlet SPC,Outlet SPC,Spc Oferta Fh785711 + Ixpe + Bisel Rectificado,SPC Oferta FH785711 4mm + 1.0mm IXPE + Bisel Rectificado -
Outlet SPC,Outlet SPC,Spc Oferta Jc6062 2,SPC Oferta JC6062-2 5 mm (0.5 wl) -
Outlet SPC,Outlet SPC,Spc Oferta Jc6550 1,SPC Oferta JC6550-1 5 mm (0.5 wl) -
Outlet SPC,Outlet SPC,"Spc Oferta Jg8053 3 Base: 2,68","SPC Oferta JG8053-3 (1220*183*4*0.3) Base: 2,68 - -"
Outlet SPC,Outlet SPC,Spc Oferta Jmw80216 Pawlet Rc125 Banrcl,"SPC Oferta JMW80216 PAWLET-RC125-BANRCL7 (0.5+MANTA) * 2,2m2 - -"
Outlet SPC,Outlet SPC,Spc Oferta Jmw80217 Split Rail Rc123 Banrcl7,SPC Oferta JMW80217 Split Rail - RC123 - BANRCL7 (/0.5) - -
Outlet SPC,Outlet SPC,"Spc Oferta Kz001 Base: 2,23","SPC Oferta KZ001 (1220*183*4.5+1.5 manto*0.5) Base: 2,23 - -"
Outlet SPC,Outlet SPC,Spc Oferta Lq7140 30K,SPC Oferta LQ7140-30K (1540*228*4+1/0.3) - -
Outlet SPC,Outlet SPC,"Spc Oferta Nh 6841 Base: 2,68","SPC Oferta NH 6841 (1220*183*4/0.3) Base: 2,68 - -"
Outlet SPC,Outlet SPC,Spc Oferta Nh 83040 1,SPC Oferta NH 83040-1 (1220*180*4*0.3) - -
Outlet SPC,Outlet SPC,"Spc Oferta Ofk 030 002 Base : 3,48","SPC Oferta OFK-030-002 (1524*228*4*0.3) Base : 3,48 - -"
Outlet SPC,Outlet SPC,"Spc Oferta Orgw 125 22B Base: 2,65","SPC Oferta ORGW 125-22B (1220*181*4*0.3) Base: 2,65 - -"
Outlet SPC,Outlet SPC,"Spc Oferta Orgw 183 4 Base: 2,65","SPC Oferta ORGW 183-4 (1220*181*4*0.3) Base: 2,65 - -"
Outlet SPC,Outlet SPC,Spc Oferta Orgw 612L 1,SPC Oferta ORGW 612L-1 (1540*228*4+1/0.3) - -
Outlet SPC,Outlet SPC,Spc Oferta Orgw334L 5,"SPC Oferta ORGW334L-5 (1220*181*7.2/0.5wl*1,77m2) (0.5mm wl) -"
Outlet SPC,Outlet SPC,Spc Oferta Orgw335L 11,"SPC Oferta ORGW335L-11 (1220*228*7.5/0.5wl*2,78m2) (0.5mm wl) -"
Outlet SPC,Outlet SPC,Spc Oferta Roble 3739 2,"SPC Oferta Roble 3739-2 5.5 mm (4 + 1,5 EVA / 0.3 wl) -"
Outlet SPC,Outlet SPC,Spc Oferta Roble 8807 4 + Bisel + Eir,SPC Oferta Roble 8807-4 4 mm (0.3 wl) + Bisel + EIR -
Outlet SPC,Outlet SPC,Spc Oferta Smj Dt002 12,SPC Oferta SMJ-DT002-12 4 mm (0.3 wl) -
Outlet SPC,Outlet SPC,Spc Oferta Smj Op001,SPC Oferta SMJ-OP001 4 mm (0.3 wl) -
Outlet SPC,Outlet SPC,Spc Oferta Smj Op002,SPC Oferta SMJ-OP002 4 mm (0.3 wl) -
Outlet SPC,Outlet SPC,Spc Oferta Smj Ot001,SPC Oferta SMJ-OT001 4 mm (0.3 wl) -
Outlet SPC,Outlet SPC,Spc Oferta St491 3,"SPC Oferta ST491-3 (5mm+1,5/0,3wl) -"
Outlet SPC,Outlet SPC,"Spc Oferta St653 2 Base:2,65","SPC Oferta ST653-2 (1220*181*4/0.3) Base:2,65 (0.3mm wl) -"
Outlet SPC,Outlet SPC,"Spc Oferta Tvt018 Base: 2,68","SPC Oferta TVT018 (1220*183*4+1EVA*0.3mm) Base: 2,68 - -"
Outlet SPC,Outlet SPC,Spc Oferta Tw1095 D11,"SPC Oferta TW1095-D11 4,3 mm (0.3 wl) -"
Outlet SPC,Outlet SPC,"Spc Oferta Vq 07 Base: 2,68","SPC Oferta VQ-07 (1220*183*4*0.3) Base: 2,68 - -"
Outlet SPC,Outlet SPC,"Spc Oferta Vq 08 Base: 2,68","SPC Oferta VQ-08 (1220*183*4*0.3) Base: 2,68 - -"
Outlet SPC,Outlet SPC,"Spc Oferta Wr34002 Base: 2,20","SPC Oferta WR34002 (1220*180*4.0*0.3) Base: 2,20 - -"
Outlet SPC,Outlet SPC,"Spc Oferta Wr37805 Base:2,24","SPC Oferta WR37805 (1220*229*5*0.3) Base:2,24 - -"
Outlet SPC,Outlet SPC,"Spc Oferta Wr37814 Base:2,22","SPC Oferta WR37814 (1220*229*5*0.3) Base:2,22 - -"
Outlet SPC,Outlet SPC,"Spc Oferta Wre42822 Base:2,03","SPC Oferta WRE42822 (1505*225*4.5*0.25) Base:2,03 - -"
Outlet SPC,Outlet SPC,Spc Oferta Wrf5240,SPC Oferta WRF5240 4.2 mm (0.3 wl) -
Outlet SPC,Outlet SPC,"Spc Oferta Yk6087 84 Base: 2,64","SPC Oferta YK6087-84 (1220*180*4*0.3) Base: 2,64 - -"
Outlet SPC,Outlet SPC,"Spc Oferta Yn1128 ( * / Base:2,2","SPC Oferta YN1128 (6,5*1520*181*8*0,3 / Base:2,2 - -"
Outlet SPC,Outlet SPC,Spc Oferto 6035 7,"SPC Oferto 6035-7 (4mm+1 EVA / 0,3 wl) - -"
Outlet SPC,Outlet SPC,Spc Oferto 6172 5,"SPC Oferto 6172-5 (4mm+1 EVA / 0,3 wl) - -"
Outlet SPC,Outlet SPC,Spc Oferto 88056 4,"SPC Oferto 88056-4 (4mm+1 EVA / 0,3 wl) - -"
Outlet SPC,Outlet SPC,Spc Oferto 941 2,"SPC Oferto 941-2 (4mm+1 EVA / 0,3 wl) - -"
Outlet SPC,Outlet SPC,Spc Pewen Exclusivo 915 1,"SPC Pewen Exclusivo 915-1 (4mm+1 EVA / 0,3 wl) - -"
Outlet SPC,Outlet SPC,Spc Pewen Exclusivo 930 17,"SPC Pewen Exclusivo 930-17 (4mm+1 EVA / 0,3 wl) - -"
Outlet SPC,Outlet SPC,Spc Pewen Exclusivo 942 1,"SPC Pewen Exclusivo 942-1 (4mm+1 EVA / 0,3 wl) - -"
Outlet SPC,Outlet SPC,Spc Pewen Exclusivo 942 4,"SPC Pewen Exclusivo 942-4 (4mm+1 EVA / 0,3 wl) - -"
Outlet SPC,Outlet SPC,"Wpc Oferta Cd179 04 : Base 1,99","WPC Oferta CD179-04 : Base 1,99 (181*1220*7,2/0.5 wl) (0.5mm wl) -"
Outlet WPC,Outlet WPC,Wpc Oferta 11221 8 / 0.5 Wl,"WPC Oferta 11221-8 (Genesis 2000XL FALCON) 9,5 mm (8,5mm + 1.0mm IXPE) / 0.5 wl -"
Outlet WPC,Outlet WPC,Wpc Oferta 2006 / 0.5 Wl,"WPC Oferta 2006 (Genesis 2000XL SEQUOIA) 9,5 mm (8,5mm + 1.0mm IXPE) / 0.5 wl -"
Outlet WPC,Outlet WPC,Wpc Oferta 953116 (Loggia Clic Ceuse/Singel Oak Pale) / 0.5 Wl,"WPC Oferta 953116 (Loggia Clic Ceuse/Singel Oak Pale) 7,5 mm (6,5mm + 1.0mm IXPE) / 0.5 wl -"
Outlet WPC,Outlet WPC,"Wpc Oferta Cd179 01 : Base 1,99","WPC Oferta CD179-01 : Base 1,99 (181*1220*7,2/0.5 wl) (0.5mm wl) -"
Outlet WPC,Outlet WPC,"Wpc Oferta Jmw70006 Base:1,76","WPC Oferta JMW70006 (1220*180*8*0.5) Base:1,76 - -"
Outlet WPC,Outlet WPC,"Wpc Oferta Orgw179 15 : Base 2,65","WPC Oferta ORGW179-15 : Base 2,65 (181*1220*6,9/0.5 wl) (0.5mm wl) -"
Outlet WPC,Outlet WPC,"Wpc Oferta Wrf53201 Base:1,76","WPC Oferta WRF53201 (1220*180*5*0.55) Base:1,76 - -"
Outlet WPC,Outlet WPC,"Wpc Oferta Ydm11 3 : Base 2,78","WPC Oferta YDM11-3 : Base 2,78 (228*1220*8/0.5 wl) (0.5mm wl) -"
Perfiles WPC,Perfiles WPC,Perfil Wpc Color 1 Roble,Perfil WPC Color 1 Roble - 20*40*2900mm
Perfiles WPC,Perfiles WPC,Perfil Wpc Color 5 Tabaco,Perfil WPC Color 5 Tabaco - 20*40*2900mm
Perfiles WPC,Perfiles WPC,Perfil Wpc Color Kc13D Negro,Perfil WPC Color KC13D Negro - 60*40*2900mm
Piso Ingenieria,Piso Ingenieria,Pisos Ingenieria 1 Blattdiele (Eiche Natur Lackiert) (220 X 13Cm15M Primera,Pisos Ingenieria 1-Blattdiele (Eiche Natur Lackiert) (220 x 13cm15m Primera -
Piso Ingenieria,Piso Ingenieria,Pisos Ingenieria Cala,Pisos Ingenieria Cala 13mm -
Piso Ingenieria,Piso Ingenieria,Pisos Ingenieria Eiche Geolt Naturel Primera,"Pisos Ingenieria Eiche Geolt Naturel (4 x 10,5 x 120 x 1000) Primera -"
Piso Ingenieria,Piso Ingenieria,Pisos Ingenieria Eiche Lackiert Naturel Primera,Pisos Ingenieria Eiche Lackiert Naturel (3.6x9.8x120x1000mm) Primera -
Piso Ingenieria,Piso Ingenieria,"Pisos Ingenieria Hardwood Oak 1 Strip ""Natur"" Primera","Pisos Ingenieria Hardwood Oak 1-Strip ""Natur""(2200x165x15x 2,904) Primera -"
Piso Ingenieria,Piso Ingenieria,"Pisos Ingenieria Hardwoodfloor Oak Strip""Natural""(2200X Primera","Pisos Ingenieria Hardwoodfloor Oak-Strip""natural""(2200x200x14x2,64m Primera -"
Piso Ingenieria,Piso Ingenieria,Pisos Ingenieria Lapacho Espesor Semi Mate,"Pisos Ingenieria LAPACHO 12,50mm espesor Semi-Mate (3mm Capa Madera Solida) -"
Piso Ingenieria,Piso Ingenieria,Pisos Ingenieria Lapacho Primera,"Pisos Ingenieria Lapacho (14mm x 102 mm x 2,69m2) Primera -"
Piso Ingenieria,Piso Ingenieria,Pisos Ingenieria Lapacho Selección,Pisos Ingenieria Lapacho Selección -
Piso Ingenieria,Piso Ingenieria,Pisos Ingenieria Roble Primera,Pisos Ingenieria Roble Primera
Piso Ingenieria,Piso Ingenieria,Pisos Ingenieria Schichtparkett3Layer Eichenatur(2200X Primera,"Pisos Ingenieria SchichtParkett3Layer EicheNatur(2200x130x15x1,71m2 Primera -"
Piso Ingenieria,Piso Ingenieria,Pisos Ingenieria Schiffsboden 3 Stab Buche Natur Lackiert Primera,Pisos Ingenieria Schiffsboden 3-Stab Buche Natur Lackiert (15mm) Primera -
Piso Ingenieria,Piso Ingenieria,Pisos Ingenieria Schiffsboden Eiche Natur Primera,"Pisos Ingenieria Schiffsboden Eiche Natur (2200 x 200 x 2,64 m2) Primera -"
Piso Ingenieria,Piso Ingenieria,Pisos Ingenieria Taguari Primera,Pisos Ingenieria Taguari Primera
Piso Ingenieria,Piso Ingenieria,Pisos Ingenieria Tauari Espesor Semi Mate,"Pisos Ingenieria Tauari 12,40mm espesor Semi-Mate (3mm Capa Madera Solida) -"
Piso Ingenieria,Piso Ingenieria,Pisos Ingenieria Viraró Semi Mate,Pisos Ingenieria Viraró Semi-Mate (3mm Capa Madera Solida) -
Piso Ingenieria,Piso Ingenieria,Pisos Ingenieria Yvyraro Espesor Semi Mate,"Pisos Ingenieria YVYRARO 12,40mm espesor Semi-Mate (3mm Capa Madera Solida) -"
Pisos Técnicos,PISO TECNICO SIN REVEST,Piso Técnico Sin Revestimiento Ccs700 Bare Ptn013,Piso técnico sin revestimiento CCS700 600x600mm Bare PTN013
Pisos Técnicos,accesorios técnicos,Pedestal,Pedestal 200mm 
Pisos Técnicos,accesorios técnicos,Tornillo Newtek P/ Piso Técnico,Tornillo Newtek p/ Piso Técnico
Porcelanato,Aragon,Porcelanato Gris Aragon,Porcelanato Gris Aragon -
Porcelanato,Decape,Porcelanato Natural Decape,Porcelanato Natural Decape -
Porcelanato,ELIZABETH,Porcelanato Brasilia Rectificado Esmaltado Elizabeth,Porcelanato Brasilia Rectificado Esmaltado Elizabeth
Porcelanato,ELIZABETH,Porcelanato Cristal Rectificado Pulido Elizabeth,Porcelanato Cristal Rectificado Pulido Elizabeth
Porcelanato,ELIZABETH,Porcelanato Everest Rectificado Pulido Elizabeth,Porcelanato Everest Rectificado Pulido Elizabeth
Porcelanato,ELIZABETH,Porcelanato Marmo Grigio Rectificado Pulido Elizabeth,Porcelanato Marmo Grigio Rectificado Pulido Elizabeth (60x60)
Porcelanato,ELIZABETH,Porcelanato Para Pared Branco Pleno Ac Rectificado Esmaltado Elizabeth,Porcelanato Para Pared Branco Pleno AC Rectificado Esmaltado Elizabeth
Porcelanato,ELIZABETH,Porcelanato Para Pared Branco Pleno Br Rectificado Brillante Elizabeth,Porcelanato Para Pared Branco Pleno BR Rectificado Brillante Elizabeth
Porcelanato,Emmotion,Porcelanato Loftwood Blanco Emmotion Ceramics,Porcelanato Loftwood Blanco Emmotion Ceramics -
Porcelanato,Factory,Porcelanato Gris Factory,Porcelanato Gris Factory -
Porcelanato,Factory,Porcelanato Gris Perla Factory,Porcelanato Gris Perla Factory -
Porcelanato,Faraya,Porcelanato Faraya White,Porcelanato Faraya White - - 
Porcelanato,Fire,Porcelanato Gris Fire,Porcelanato Gris Fire -
Porcelanato,ILVA,Matrix #01,Matrix #01
Porcelanato,ILVA,Matrix #03,Matrix #03
Porcelanato,ILVA,Matrix #04,Matrix #04
Porcelanato,ILVA,Porcelanato Ceppo Di Gre Dark,Porcelanato Ceppo di Gre Dark
Porcelanato,ILVA,Porcelanato Ceppo Di Gre Mid,Porcelanato Ceppo di Gre Mid
Porcelanato,ILVA,Porcelanato Le Pierte Del Casale Grigia,Porcelanato Le Pierte del Casale Grigia
Porcelanato,ILVA,Porcelanato Wood Home Almond,Porcelanato Wood Home Almond
Porcelanato,Jamaika,Porcelanato Natural Jamaika,Porcelanato Natural Jamaika -
Porcelanato,Navarra,Porcelanato Gris Navarra,Porcelanato Gris Navarra -
Porcelanato,Niveladores,Nivelador Arco,Nivelador Arco 1mm (Bolsa x150 Unidades)
Porcelanato,Niveladores,Nivelador Cuñas,Nivelador Cuñas (Bolsa x125 Unidades)
Porcelanato,Niveladores,Nivelador Tornillo,Nivelador Tornillo 2mm (Bolsa x125 Unidades)
Porcelanato,Niveladores,Nivelador Tuerca,Nivelador Tuerca (Bolsa x40 Unidades)
Porcelanato,Outi,Porcelanato Arce Outi,Porcelanato Arce Outi -
Porcelanato,Outi,Porcelanato Natural Outi,Porcelanato Natural Outi -
Porcelanato,Outi,Porcelanato Roble Outi,Porcelanato Roble Outi -
Porcelanato,Syros,Porcelanato White Syros,Porcelanato White Syros -
Porcelanato,Taupe,Porcelanato Taupe Veracruz,Porcelanato Taupe Veracruz -
Porcelanato,Teka,Porcelanato Teka Aragon,Porcelanato Teka Aragon -
Porcelanato,Teka,Porcelanato Teka Monegros,Porcelanato Teka Monegros -
Porcelanato,Vite,Porcelanato Antico Lgr Nat Vite,Porcelanato Antico LGR Nat (80x80) Vite
Porcelanato,Vite,Porcelanato Liscio Ivo Nat Vite,Porcelanato Liscio IVO Nat (80x80) Vite
Porcelanato,Vite,Porcelanato Liscio Lgr Nat Vite,Porcelanato Liscio LGR Nat (80x80) Vite
Porcelanato,Vite,Porcelanato Liscio Lgr Out Vite,Porcelanato Liscio LGR OUT (80x80) Vite
Prefinish,Prefinish,"Prefinish Guayabira Primera Base 2,44 La Forestal Alto Parana","Prefinish Guayabira Primera Base 2,44 La forestal Alto Parana"
Prefinish,Prefinish,"Prefinish Incienso Colorado Primera Base 1,95 La Forestal Alto Parana","Prefinish Incienso Colorado Primera Base 1,95 La Forestal Alto Parana"
Prefinish,Prefinish,"Prefinish Jatova Primera Base 1,95 La Forestal Alto Parana","Prefinish Jatova Primera Base 1,95 La Forestal Alto Parana"
Prefinish,Prefinish,"Prefinish Lapacho Primera Base 1,95 La Forestal Alto Parana","Prefinish Lapacho Primera Base 1,95 La Forestal Alto Parana"
Prefinish,Prefinish,"Prefinish Lapacho Primera Base 2,44 La Forestal Alto Parana","Prefinish Lapacho Primera Base 2,44 La Forestal Alto Parana"
Prefinish,Prefinish,"Prefinish Viraró Primera Base 1,95 La Forestal Alto Parana","Prefinish Viraró Primera Base 1,95 La Forestal Alto Parana"
Recubrimiento Superficies rusticas,Recubrimiento Superficies rusticas,K746,K746
Revestimiento Pared,Linea Perfil Piedrafina,Revestimiento De Pared Interior Linea Perfil,Revestimiento de pared interior Linea Perfil 
Revestimiento Pared,Linea Vertice Piedrafina,Revestimiento De Pared Interior Linea Vertice,Revestimiento de pared interior Linea Vertice
Revestimiento Pared,Revestimiento Pared Exterior,Revestimiento Pared Exterior Cider Kc06 Wpc Linea Flat,Revestimiento Pared Exterior Cider KC06 WPC Linea FLAT -
Revestimiento Pared,Revestimiento Pared Exterior,Revestimiento Pared Exterior Dark Brown Oferta,Revestimiento Pared Exterior Dark Brown Oferta -
Revestimiento Pared,Revestimiento Pared Exterior,Revestimiento Pared Exterior Moka Kc01 Linea Horizon,Revestimiento Pared Exterior Moka KC01 Linea Horizon -
Revestimiento Pared,Revestimiento Pared Exterior,Revestimiento Pared Exterior Moka Kc01 Wpc Linea Flat,Revestimiento Pared Exterior Moka KC01 WPC Linea FLAT -
Revestimiento Pared,Revestimiento Pared Exterior,Revestimiento Pared Exterior Mysterious Black Oferta,Revestimiento Pared Exterior Mysterious Black Oferta -
Revestimiento Pared,Revestimiento Pared Exterior,Revestimiento Pared Exterior Shallow Coffee Oferta,Revestimiento Pared Exterior Shallow Coffee Oferta -
Revestimiento Pared,Revestimiento Pared Interior,Revestimiento Pared Interior #87,Revestimiento Pared Interior #87 (JC1020-81387QT) - -
Revestimiento Pared,Revestimiento Pared Interior,Revestimiento Pared Interior Alto Oferta,Revestimiento Pared Interior ALTO Oferta -
Revestimiento Pared,Revestimiento Pared Interior,Revestimiento Pared Interior Zenit Oferta,Revestimiento Pared Interior ZENIT Oferta -
Revestimiento Pared,Revestimiento Pared Interior MDF,Revestimiento Pared Interior Cappuccino Mdf Foliado Seda,Revestimiento Pared Interior Cappuccino MDF Foliado Seda -
Revestimiento Pared,Revestimiento Pared Interior MDF,Revestimiento Pared Interior Nero Mdf Foliado Seda,Revestimiento Pared Interior Nero MDF Foliado Seda -
Revestimiento Pared,Revestimiento Pared Interior MDF,Revestimiento Pared Interior Niveo Mdf Foliado Seda,Revestimiento Pared Interior Niveo MDF Foliado Seda -
Revestimiento Pared,Standart Piedrafina,Piedrafina Standart,Piedrafina STANDART
SPC,4mm + 0.3 (Linea Home),Spc Incienso (Max Core),SPC Incienso (Max Core) 4 mm (0.3 wl) -
SPC,4mm + 0.3 (Linea Home),Spc Roble Chene S8883,SPC Roble Chene S8883 4 mm -
SPC,4mm + 0.3 (Linea Home),Spc Roble Gris 1 Lama (Max Core),SPC Roble Gris 1 Lama (Max Core) 4 mm (0.3 wl) -
SPC,4mm + 0.3 (Pewen),Combo Pewen Linea 9100/9400 + Manta Eva Bonificada,COMBO PEWEN  LINEA 9100/9400 + MANTA EVA 1MM BONIFICADA
SPC,4mm + 0.3 (Pewen),Spc Pewen Exlusivo Roble Chubut 9101,SPC Pewen Exlusivo Roble Chubut 9101 4 mm (0.3 wl) -
SPC,Aqua Blue,"Spc Alamo Tostada 4013 (Simil Kansas) Aqua Base: 1,78 6+ 5Wl","SPC Alamo Tostada 4013 (Simil kansas) AQUA Base: 1,78 6+1,5 * 0,5wl -"
SPC,Aqua Blue,Spc Columbia (Simi Kentucky) Aquablue Aquablue,"SPC Columbia (Simi Kentucky) AQUAblue (182*1220*4*0,3) AQUAblue (4mm + 0.3 wl) -"
SPC,Aqua Blue,"Spc Niebla Boreal 2321 (Simil Alaska) Aqua Base: 1,78 6+ 5Wl","SPC Niebla Boreal 2321 (Simil alaska) AQUA Base: 1,78 6+1,5 * 0,5wl -"
SPC,Aqua Blue,"Spc Roble Orgnico 1012 (Simil Nebraska) Aqua Base: 1,78 6+ 5Wl","SPC Roble Orgnico 1012 (Simil nebraska) AQUA Base: 1,78 6+1,5 * 0,5wl -"
Undfinish,Undfinish,"Entablonado Lapacho Unica Base 2,11 La Forestal Alto Parana","Entablonado Lapacho Unica Base 2,11 La Forestal Alto Parana"
Undfinish,Undfinish,"Entablonado Lapacho Unica Base 2,16 La Forestal Alto Parana","Entablonado Lapacho Unica Base 2,16 La Forestal Alto Parana"
VINILICO CLICK,5MM,Np 5M,NP 5M
VINILICO CLICK,6MM,Np,NP 6MM
VINILICO DE PEGAR,2MM,Np Liston,NP 2MM LISTON
VINILICO DE PEGAR,3MM,Np Baldosa,NP 3MM BALDOSA
VINILICO DE PEGAR,3MM,Np Liston,NP 3MM LISTON
Vinilico en Rollo,Vinilico en Rollo,Vinilico En Rollo 86052,"Vinilico en Rollo 86052 (20m x 2m x 1,6mm) - -"
WPC Oferta 44,WPC Oferta 44,Wpc Oferta 44 1501 Caja Maxcore,WPC Oferta 44 1501 Caja MaxCore (1230*150*6.5+1.5 EVA*0.3wl) - -
WPC Oferta 44,WPC Oferta 44,Wpc Oferta 44 1503 Caja Maxcore,WPC Oferta 44 1503 Caja MaxCore (1230*150*6.5+1.5 EVA*0.3wl) - -
WPC Oferta 44,WPC Oferta 44,Wpc Oferta 44 1504 Caja Maxcore,WPC Oferta 44 1504 Caja MaxCore (1230*150*6.5+1.5 EVA*0.3wl) - -
WPC Oferta 44,WPC Oferta 44,Wpc Oferta 44 1505 Caja Maxcore,WPC Oferta 44 1505 Caja MaxCore (1230*150*6.5+1.5 EVA*0.3wl) - -
WPC Oferta 44,WPC Oferta 44,Wpc Oferta 44 1506 Caja Maxcore,WPC Oferta 44 1506 Caja MaxCore (1230*150*6.5+1.5 EVA*0.3wl) - -
WPC Oferta 44,WPC Oferta 44,Wpc Oferta 44 1509 Caja Maxcore,WPC Oferta 44 1509 Caja MaxCore (1230*150*6.5+1.5 EVA*0.3wl) - -
WPC Oferta 44,WPC Oferta 44,Wpc Oferta 44 1510 Caja Maxcore,WPC Oferta 44 1510 Caja MaxCore (1230*150*6.5+1.5 EVA*0.3wl) - -
WPC Oferta 44,WPC Oferta 44,Wpc Oferta 44 1511 Caja Maxcore,WPC Oferta 44 1511 Caja MaxCore (1230*150*6.5+1.5 EVA*0.3wl) - -
WPC Oferta 44,WPC Oferta 44,Wpc Oferta 44 1512 Caja Maxcore,WPC Oferta 44 1512 Caja MaxCore (1230*150*6.5+1.5 EVA*0.3wl) - -
WPC Oferta 44,WPC Oferta 44,Wpc Oferta 44 1513 Caja Maxcore,WPC Oferta 44 1513 Caja MaxCore (1230*150*6.5+1.5 EVA*0.3wl) - -
WPC Oferta 44,WPC Oferta 44,Wpc Oferta 44 1802 Caja Maxcore,WPC Oferta 44 1802 Caja MaxCore (1230*180*6.5+1.5 EVA*0.5wl) - -
WPC Oferta 44,WPC Oferta 44,Wpc Oferta 44 1803 Caja Maxcore,WPC Oferta 44 1803 Caja MaxCore (1230*180*6.5+1.5 EVA*0.5wl) - -
WPC Oferta 44,WPC Oferta 44,Wpc Oferta 44 1805 Caja Maxcore,WPC Oferta 44 1805 Caja MaxCore (1230*180*6.5+1.5 EVA*0.5wl) - -
WPC Oferta 44,WPC Oferta 44,Wpc Oferta 44 1806 Caja Maxcore,WPC Oferta 44 1806 Caja MaxCore (1230*180*6.5+1.5 EVA*0.5wl) - -
WPC Oferta 44,WPC Oferta 44,Wpc Oferta 44 1807 Caja Maxcore,WPC Oferta 44 1807 Caja MaxCore (1230*180*6.5+1.5 EVA*0.5wl) - -
WPC Oferta 44,WPC Oferta 44,Wpc Oferta 44 1809 Caja Maxcore,WPC Oferta 44 1809 Caja MaxCore (1230*180*6.5+1.5 EVA*0.5wl) - -
WPC Oferta 44,WPC Oferta 44,Wpc Oferta 44 1810 Caja Maxcore,WPC Oferta 44 1810 Caja MaxCore (1230*180*6.5+1.5 EVA*0.5wl) - -
WPC Oferta 44,WPC Oferta 44,Wpc Oferta 44 1812 Caja Maxcore,WPC Oferta 44 1812 Caja MaxCore (1230*180*6.5+1.5 EVA*0.5wl) - -
WPC Oferta 44,WPC Oferta 44,Wpc Oferta 44 Wpc 107 Caja Marron,WPC Oferta 44 WPC 107 Caja Marron (1230*150*8.2*0.3wl) - -
homogeneos,adhesivo,Adhesivo Conductivo 5Kg,adhesivo conductivo 5kg
homogeneos,baldosa homogenea,Amstrong Color 52172,"AMSTRONG 3,2MM color 52172"
homogeneos,baldosa homogenea,Amstrong Imperial Texture,"AMSTRONG imperial texture 3,2mm"
homogeneos,baldosa homogenea,Amstrong Imperial Texture C/Y Sin D10,"AMSTRONG Imperial Texture C/Y SIN D10 3,2MM"
homogeneos,baldosa lvt,Hyundai Goldtile Baldosa Lvt,HYUNDAI GOLDTILE  BALDOSA LVT 3MM
homogeneos,conductivo,Conductivo Pastell Amstrong,CONDUCTIVO 2MM Pastell Amstrong
homogeneos,liston lvt,Hyundai Goldtile Liston Lvt,HYUNDAI GOLDTILE  LISTON LVT 3MM
homogeneos,pared heterogenea,Het Solid Wall,HET Solid Wall
homogeneos,pared homogeneo,Wallflex Hom Grupo Armstrong,"wallflex HOM 1,25mm grupo Armstrong"
homogeneos,rollo,Possibilities Amstrong,POSSIBILITIES AMSTRONG
homogeneos,rollo heterogeneo,Corlon Het Texturado,CORLON HET 2MM  TEXTURADO
homogeneos,rollo heterogeneo,Het Gloria,HET GLORIA
homogeneos,rollo heterogeneo,Het Selina/Pravia Wood,HET SELINA/PRAVIA WOOD
homogeneos,rollo homogeneo,Accodale Plus Hom Grupo T,ACCODALE PLUS HOM 2MM GRUPO T
homogeneos,rollo homogeneo,Ambigu/Timberline Amstrong Simil Madera,AMBIGU/TIMBERLINE AMSTRONG SIMIL MADERA
homogeneos,rollo homogeneo,Armalon Ng Pur Grupo T C. Uso,ARMALON NG - PUR GRUPO T c. uso 2mm
homogeneos,rollo homogeneo,Hom Libera Alto Tto,HOM LIBERA 2mm Alto Tto
homogeneos,rollo homogeneo,Medintech Alto Tto Hom Grupo T Armstrong,medintech alto tto HOM 2mm Grupo T  ARMSTRONG
homogeneos,rollo homogeneo,Medley/Medintone,MEDLEY/MEDINTONE
homogeneos,rollo homogeneo,Safety Zone R 11/ Safe Guard R12 Hom,SAFETY ZONE R 11/ SAFE GUARD R12 HOM 2MM
homogeneos,rollo homogeneo,Zenit Curdlee Tresshield Xp Grupo T C.Uso,ZENIT - CURDLEE - TRESSHIELD XP GRUPO T C.uso 2mm
rollo,rollo vinilico comercial moderado,Rollo Vinilico + 3 Rollos,rollo vinilico 2mm + 3 rollos
